url|title|words|calc|aff_links|inlinks|pv_ytd|bounce
/diy-off-grid-energy/multi-source-hybrid-charge-controller.html|Multi-Source Hybrid Off-Grid Charge Controller: Combine Solar, Wind & Hydro|5153|0|0|36|4|100.0
/diy-off-grid-energy/diy-stirling-engine-generator-off-grid.html|DIY Stirling Engine Generator: Turn Heat Into Electricity (Educational Build)|4941|0|0|6|28|58.3
/diy-off-grid-energy/gravity-battery-diy-energy-storage.html|Gravity Battery DIY: Store Energy with Weights (Physics + Build Guide)|4918|0|0|21|24|65.5
/diy-off-grid-energy/diy-thermoelectric-generator-teg-battery-charging.html|DIY Thermoelectric Generator (TEG): Turn Waste Heat Into Battery Power|4611|0|0|12|39|94.8
/diy-off-grid-energy/diy-small-wind-turbine-for-off-grid-battery-charging.html|DIY Small Wind Turbine for Battery Charging (Wiring + Diversion Load Control)|4489|0|0|24|12|87.5
/pages/solar-battery-cost-2026.html|How Much Does a Solar Battery Cost in 2026? Complete Buyer's Guide|4235|0|1|18|1|100.0
/guides/solar-battery-cost-2026.html|How Much Does a Solar Battery Cost in 2026?|4106|0|0|2|1|100.0
/pages/solar-installation-safety-guide.html|Solar Installation Safety Guide: Electrical, Roof, and PPE Essentials|4080|0|0|8|0|
/pages/solar-panel-cost-california.html|How Much Do Solar Panels Cost in California in 2026?|3625|0|0|9|1|100.0
/guides/solar-panel-cost-california.html|How Much Do Solar Panels Cost in California in 2026?|3566|0|0|4|0|
/pages/solar-battery-enclosure-guide.html|Solar Battery Enclosure Guide: Ventilation, Temperature, and Safety|3374|0|0|5|7|83.3
/pages/how-to-calculate-solar-load.html|How to Calculate Your Solar Load: A Step-by-Step Energy Audit|3300|0|0|7|1|100.0
/pages/solar-power-mobile-homes.html|Solar Power for Mobile Homes: Complete Installation Guide|3292|0|0|4|0|
/diy-off-grid-energy/micro-hydro-basics-for-off-grid-power.html|DIY Micro-Hydro Generator: Build a Run-of-River System (Sizing + Safety)|3238|0|0|12|19|83.3
/pages/solar-battery-maintenance-guide.html|Solar Battery Maintenance Guide: How to Extend Battery Life (Lead-Acid and Lithium)|3182|0|0|6|0|
/pages/solar-panel-shading-effects.html|How Shading Affects Solar Panels (And What Bypass Diodes Actually Do)|3144|0|0|7|1|100.0
/pages/solar-use-cases.html|Solar Use-Case Guides (RV, Cabin, Camping, Backup)|3122|0|0|1|3|0.0
/pages/off-grid-solar-system-setup-guide.html|Complete Off-Grid Solar System Setup Guide: A Practical Roadmap|3002|0|0|2|0|
/pages/solar-panel-tilt-and-orientation.html|Solar Panel Tilt Angle and Orientation: Maximize Output Year-Round|2961|0|0|4|0|
/pages/solar-maintenance.html|Solar Maintenance Checklist and Troubleshooting|2959|0|0|3|6|50.0
/pages/best-solar-batteries-2026.html|Best Solar Batteries for Home 2026: Brand Comparison Guide|2882|0|1|5|8|100.0
/pages/diy-vs-installer.html|DIY vs Installer Solar Cost Comparison|2881|0|0|4|11|0.0
/pages/li-ion-vs-lead-acid.html|Li-ion vs Lead-acid Batteries (Solar Comparison)|2825|0|0|18|6|0.0
/pages/solar-components.html|Solar Components Explained: Panels, Inverters, Batteries|2798|0|2|3|30|24.1
/pages/solar-panel-efficiency.html|Solar panel efficiency explained|2797|0|0|6|3|66.7
/pages/solar-output-troubleshooting.html|Low Solar Output: Troubleshooting Checklist (Common Causes)|2771|0|0|8|12|75.7
/diy-off-grid-energy/diy-flywheel-energy-storage.html|DIY Flywheel Energy Storage: Safe Low-Speed Build + Realistic Calculations|2748|0|0|1|65|91.1
/diy-off-grid-energy/diy-car-alternator-generator-battery-charging.html|DIY Car Alternator Generator for Battery Charging: What Actually Works|2692|0|0|16|33|92.9
/pages/micro-vs-string-inverters.html|Micro vs String Inverters (Solar Comparison)|2683|0|0|2|4|25.0
/diy-off-grid-energy/pedal-power-generator-for-off-grid-battery-charging.html|DIY Bicycle Generator: Pedal-Powered Battery Charging (Realistic Guide)|2677|0|0|18|26|60.0
/diy-off-grid-energy/diy-hand-crank-generator-emergency-charging.html|DIY Hand-Crank Generator: Realistic Power Output|2580|0|0|2|78|80.4
/diy-off-grid-energy/diy-pelton-turbine-pico-hydro.html|DIY Pelton Turbine Pico Hydro: Simple Runner Build + Realistic Watts|2572|0|0|2|37|95.5
/pages/common-solar-installation-mistakes.html|12 Common Solar Installation Mistakes (And How to Avoid Each One)|2557|0|0|4|0|
/pages/solar-basics.html|Solar Power Basics: Clear Guide for Beginners|2503|0|0|133|13|0.0
/guides/solar-panel-cost-new-jersey.html|How Much Do Solar Panels Cost in New Jersey in 2026?|2442|0|0|2|0|
/pages/mppt-vs-pwm.html|MPPT vs PWM Charge Controllers (Comparison)|2332|0|1|4|7|14.3
/pages/what-size-solar-generator-run-refrigerator.html|What Size Solar Generator to Run a Refrigerator?|2309|0|1|10|3|50.0
/diy-off-grid-energy/diy-generator-test-bench-measure-watts-watt-hours.html|DIY Generator Test Bench: Measure Real Watts, Watt-Hours, and Losses|2304|0|0|4|14|95.5
/pages/mppt-charge-controller-not-charging.html|MPPT Charge Controller Not Charging: Troubleshooting Checklist (PV Voltage, Settings)|2277|0|1|5|60|87.1
/pages/how-long-will-100ah-battery-run.html|How Long Will a 100Ah Battery Run? The Runtime Formula, Decoded|2265|0|0|76|0|
/diy-off-grid-energy/diy-buck-boost-regulation-variable-generator-battery-charging.html|DIY Buck/Boost Regulation for Variable Generators: Stable Battery Charging|2241|0|0|16|17|95.5
/pages/solar-system-costs.html|Solar System Cost Breakdown (Panels, Batteries, Inverter)|2219|0|2|15|47|37.7
/pages/read-solar-panel-specs-sheet.html|How to Read Solar Panel Spec Sheets: A Homeowner's Guide|2214|0|0|4|4|100.0
/diy-off-grid-energy/diy-savonius-wind-turbine-vertical-axis.html|DIY Savonius Wind Turbine (Vertical Axis): Safe Build + Realistic Output|2196|0|0|1|24|91.7
/pages/pure-sine-vs-modified-sine-inverter.html|Pure Sine Wave vs Modified Sine Wave Inverter (Which to Choose?)|2195|0|1|5|42|81.5
/diy-off-grid-energy/diy-dump-load-diversion-controller-wind-hydro.html|DIY Dump Load (Diversion Control) for Wind + Hydro: Protect Batteries Safely|2194|0|0|1|24|90.6
/diy-off-grid-energy/treadmill-motor-generator-for-off-grid-charging.html|Treadmill Motor as a Generator: DIY Battery Charging for Wind, Water, or Pedal Power|2173|0|0|2|16|83.0
/diy-off-grid-energy/diy-compressed-air-energy-storage.html|DIY Compressed Air Energy Storage (CAES): Realistic, Safe Experiments|2165|0|0|3|21|91.7
/diy-off-grid-energy/diy-supercapacitor-bank-solar-buffer.html|DIY Supercapacitor Bank for Solar: Buffer Surges Safely (Balancing Basics)|2154|0|0|1|15|62.5
/pages/best-solar-panels-small-roof.html|Best Solar Panels for a Small Roof: Maximizing Energy Output|2142|0|1|4|1|100.0
/pages/cpap-battery-backup-guide.html|CPAP Battery Backup: Sizing and Run Times|2110|0|1|76|10|75.0
/diy-off-grid-energy/diy-water-wheel-generator-low-head.html|DIY Water Wheel Generator: Low-Head Stream Power (Realistic Watts + Build Plan)|2084|0|0|2|12|95.0
/pages/solar-battery-backup-vs-generator.html|Solar Battery Backup vs. Generator: Which Is Better?|2037|0|0|5|5|100.0
/pages/ground-mount-vs-roof-mount-solar.html|Ground Mount vs. Roof Mount Solar: Which Is Right for You?|2037|0|0|3|6|80.0
/pages/solar-permits-and-building-codes.html|Solar Permits and Building Codes: What You Need to Know Before Installing|2019|0|0|4|0|
/pages/solar-panel-angle-calculator.html|Solar panel angle calculator and tilt guide|2006|1|0|2|10|100.0
/pages/how-do-solar-panels-work.html|How do solar panels work|1970|0|0|4|0|
/pages/how-many-solar-panels-to-power-a-house.html|How Many Solar Panels to Power a House: Complete Calculator Guide|1955|0|0|5|0|
/pages/solar-lease-vs-buy-2026.html|Solar Lease vs Buy: Which Is Better in 2026? Complete Guide|1953|0|0|3|8|100.0
/pages/solar-panel-degradation-rate.html|Solar Panel Degradation Rate: Complete Homeowner Guide|1941|0|0|4|1|100.0
/pages/battery-cable-size-for-inverter.html|Battery Cable Size for Inverters: 12V/24V/48V Chart Guide|1940|0|1|9|104|86.9
/pages/install-solar-panels-yourself.html|DIY Solar Panel Installation: Can You Install Solar Yourself?|1937|0|0|4|2|100.0
/pages/solar-panel-cleaning-cost.html|Solar Panel Cleaning Cost: DIY vs Professional (Typical Prices)|1905|0|0|3|3|100.0
/pages/solar-net-metering-explained.html|Solar Net Metering Explained: Maximize Your Energy Savings|1900|0|0|3|1|100.0
/guides/solar-panel-cost-colorado.html|How Much Do Solar Panels Cost in Colorado in 2026?|1880|0|0|2|6|80.0
/pages/best-mppt-charge-controllers.html|Best MPPT Charge Controllers for Solar (2026 Buyer Guide)|1846|0|4|1|8|66.7
/pages/net-metering-by-state-2026.html|Net Metering by State 2026: What Your Utility Pays for Solar|1837|0|0|10|5|75.0
/pages/solar-fuse-and-breaker-sizing.html|Solar Fuse and Breaker Sizing: A Simple Planning Guide (By Circuit)|1826|0|2|8|58|90.9
/pages/ground-mount-solar-panels.html|Ground Mount Solar Panels: Cost, DIY vs Installer, and When to Choose Ground Over Roof|1817|0|0|5|0|
/pages/solar-panels-for-sheds.html|Solar panels for sheds and outbuildings|1778|0|1|5|1|100.0
/pages/how-to-choose-solar-inverter.html|How to Choose a Solar Inverter: Types, Sizing, and What Matters in 2026|1769|0|1|2|1|100.0
/pages/solar-battery-management-system-explained.html|Solar Battery Management Systems (BMS): What They Do and When You Need One|1741|0|1|6|0|
/pages/solar-panels-vs-wind-turbines.html|Solar panels vs wind turbines|1736|0|0|2|11|90.0
/pages/how-much-do-solar-panels-cost.html|How much do solar panels cost|1734|0|1|2|3|100.0
/pages/12v-vs-24v-vs-48v-solar.html|12V vs 24V vs 48V Solar Systems: Key Differences|1721|0|2|6|70|80.4
/guides/solar-panel-cost-illinois.html|How Much Do Solar Panels Cost in Illinois in 2026?|1713|0|0|1|0|
/pages/solar-panel-output-per-square-foot.html|Solar panel output per square foot|1707|0|0|3|15|100.0
/pages/solar-phone-charger.html|Solar phone charger|1700|0|1|3|5|100.0
/pages/solar-generator.html|Solar generator guide|1674|0|2|7|6|100.0
/pages/solar-water-heater.html|Solar water heater guide|1663|0|0|3|13|81.8
/pages/solar-lights-for-yard.html|Best solar lights for your yard|1656|0|1|3|0|
/pages/ac-vs-dc-coupled-solar-systems.html|AC vs DC Coupled Solar Systems: Which Architecture Is Right for You?|1642|0|0|4|2|100.0
/pages/solar-financing-options.html|Solar Financing Options: How to Pay for Solar Panels|1622|0|0|3|3|100.0
/pages/how-long-do-solar-panels-last.html|How long do solar panels last|1577|0|0|3|5|100.0
/pages/solar-panel-output.html|Solar Panel Output Calculator (Watts to Watt-hours)|1421|1|1|9|60|79.7
/pages/solar-inverter-sizing.html|How to Size an Inverter for Solar (Watts, Surge, Battery Draw)|1418|1|1|6|27|54.5
/pages/solar-panel-tax-credit.html|Federal Solar Tax Credit 2026: What Ended, What Still Helps|1394|0|0|16|0|
/pages/best-solar-panels-for-home-2026.html|Best Solar Panels for Home in 2026: Future-Proofing Your Solar Investment|1329|0|1|2|0|
/pages/how-much-do-solar-batteries-cost.html|How Much Do Solar Batteries Cost? A Comprehensive Guide to TCO and ROI|1324|0|1|3|1|100.0
/pages/rv-solar-cost.html|RV Solar System Cost Breakdown (Panels, Battery, Inverter)|1310|0|1|2|33|58.6
/pages/inverter-keeps-shutting-off-troubleshooting.html|Inverter Keeps Shutting Off: Troubleshooting (Overload, Low Voltage, Heat)|1284|0|2|2|41|75.9
/pages/best-solar-panels-for-small-homes.html|Best Solar Panels for Small Homes: Maximizing Energy Density & Cost-Effectiveness|1273|0|1|1|0|
/pages/solar-battery-not-charging-troubleshooting.html|Solar Battery Not Charging: Troubleshooting Checklist (MPPT, Wiring, Loads)|1247|0|0|4|45|76.7
/pages/solar-wire-size.html|Solar Wire Size: How to Choose the Right Gauge (Voltage Drop + Safety)|1234|0|0|8|18|33.3
/pages/solar-fuses-vs-breakers.html|Solar Fuses vs Breakers: What to Use (and Where) in a Solar System|1191|0|0|4|20|50.0
/pages/solar-system-sizing.html|How to Size a Solar System (Step-by-Step Load Planner)|1135|1|3|133|73|19.8
/pages/solar-payback-calculator.html|Solar Payback Calculator (Years to Break Even)|1123|1|0|15|0|
/pages/portable-solar-panels.html|Portable solar panels guide|1119|0|1|6|3|100.0
/pages/solar-combiner-box-and-disconnect-guide.html|Solar Combiner Box and Disconnect Guide: When You Need One (and What It Does)|1118|0|0|3|3|100.0
/guides/solar-panel-cost-texas.html|How Much Do Solar Panels Cost in Texas in 2026?|1109|0|0|2|0|
/guides/solar-panel-cost-nevada.html|How Much Do Solar Panels Cost in Nevada in 2026?|1066|0|0|3|1|100.0
/pages/solar-panels-series-vs-parallel.html|Solar Panels in Series vs Parallel: Which Wiring Is Better for Your Setup?|1059|0|0|2|6|70.0
/guides/solar-panel-cost-massachusetts.html|How Much Do Solar Panels Cost in Massachusetts in 2026?|1047|0|0|3|0|
/pages/solar-inverter-cost.html|Solar Inverter Cost: Typical Prices by Type (String, Hybrid, Off-Grid)|986|0|1|3|9|66.7
/pages/cabin-solar-sizing.html|How to Size a Solar System for a Cabin (Panels, Battery, Inverter)|964|0|0|5|7|0.0
/pages/rv-solar-sizing.html|How to Size an RV Solar System (Panels, Battery, Inverter)|891|0|1|4|20|55.6
/pages/mppt-charge-controller-cost.html|MPPT Charge Controller Cost: Typical Prices + How to Budget|869|0|1|4|4|100.0
/guides/solar-panel-cost-arizona.html|How Much Do Solar Panels Cost in Arizona in 2026?|869|0|0|3|0|
/guides/solar-panel-cost-new-york.html|How Much Do Solar Panels Cost in New York in 2026?|851|0|0|4|0|
/pages/cabin-solar-cost.html|Off-Grid Cabin Solar System Cost Breakdown (Typical Price Ranges)|847|0|2|4|25|79.4
/guides/solar-panel-cost-florida.html|How Much Do Solar Panels Cost in Florida in 2026?|837|0|0|1|0|
/pages/solar-battery-cost-per-kwh.html|Solar Battery Cost Per kWh: Pricing, Lifespan, and Value|827|0|1|4|10|75.0
/pages/solar-wiring-and-protection-cost.html|Solar Wiring & Protection Cost: Cables, Breakers, Fuses (Budget Guide)|790|0|0|2|7|80.0
/pages/solar-panel-cost-per-watt.html|Solar Panel Cost Per Watt: Typical Prices and What Changes Them|774|0|0|12|20|64.4
/pages/battery-capacity.html|Battery Capacity Calculator for Solar Systems|768|1|1|22|26|7.5
/pages/cabin-solar-vs-generator.html|Solar vs Generator for an Off-Grid Cabin (Pros, Cons, Costs)|766|0|0|3|7|80.0
/pages/how-we-recommend.html|How We Pick and Link Products|724|0|0|75|0|
/pages/how-to-choose-solar-system-voltage.html|How to Choose Solar System Voltage (12V vs 24V vs 48V)|660|0|0|7|15|78.6
/authors.html|Who Makes Solar Powered Project|493|0|0|133|0|
/pages/wiring-decisions.html|Solar Wiring Decisions: Wire Size, Fuses vs Breakers, Series vs Parallel|449|0|0|133|3|0.0
/pages/editorial-policy.html|Editorial Policy|394|0|0|133|0|
/pages/affiliate-disclosure.html|Affiliate Disclosure|384|0|0|133|1|100.0
/pages/about.html|About Solar Powered Project|380|0|0|133|2|50.0
/pages/privacy-policy.html|Privacy Policy|323|0|0|133|0|
/corrections.html|Corrections & Updates|298|0|0|133|0|
/methodology.html|How We Build a Useful Answer|252|0|0|133|0|
/pages/terms.html|Terms of Use|227|0|0|133|0|
/pages/contact.html|Contact Solar Powered Project|217|0|0|133|0|
/system-planner.html|Solar System Planner|178|0|0|133|5|80.0