url	words	boxes	calc	faq	h2	h3	tables	hands_on_claims	honest_neg	aa_disclosure	internal_links	caveat	lastmod	author
/diy-off-grid-energy/multi-source-hybrid-charge-controller.html	4390	0	0	1	15	55	0	0	1	0	3	10		Solar Powered Project
/diy-off-grid-energy/diy-stirling-engine-generator-off-grid.html	4191	0	0	1	12	40	0	1	0	0	3	2		Solar Powered Project
/diy-off-grid-energy/gravity-battery-diy-energy-storage.html	4152	0	0	1	12	41	0	2	0	0	3	3		Solar Powered Project
/diy-off-grid-energy/diy-thermoelectric-generator-teg-battery-charging.html	3876	0	0	1	12	38	0	0	0	0	3	2		Solar Powered Project
/guides/solar-battery-cost-2026/	3674	0	0	1	8	20	0	0	0	0	3	6		Solar Powered Project
/pages/solar-battery-cost-2026.html	3666	1	0	1	8	20	0	0	0	0	0	6		Solar Powered Project
/pages/solar-installation-safety-guide.html	3597	0	0	1	11	18	3	0	0	0	3	10		Solar Powered Project
/diy-off-grid-energy/diy-small-wind-turbine-for-off-grid-battery-charging.html	3544	0	0	1	14	45	0	0	0	0	3	3		Solar Powered Project
/pages/solar-output-troubleshooting.html	3511	0	0	1	10	9	10	0	0	0	3	2		Solar Powered Project
/guides/solar-panel-cost-california/	3301	0	0	1	8	18	0	0	0	0	5	3		Solar Powered Project
/pages/solar-panel-cost-california.html	3285	0	0	1	8	18	0	0	0	0	4	3		Solar Powered Project
/pages/mppt-charge-controller-not-charging.html	3031	1	0	1	14	4	10	0	0	0	0	9		Solar Powered Project
/pages/solar-battery-enclosure-guide.html	3027	0	0	1	10	15	3	0	0	0	3	0		Solar Powered Project
/pages/how-to-calculate-solar-load.html	2952	0	0	1	9	12	14	0	1	0	3	2		Solar Powered Project
/pages/solar-power-mobile-homes.html	2856	0	0	1	11	4	3	0	0	0	0	3		Solar Powered Project
/diy-off-grid-energy/micro-hydro-basics-for-off-grid-power.html	2835	0	0	1	19	16	0	0	0	0	3	6		Solar Powered Project
/pages/solar-battery-maintenance-guide.html	2822	0	0	1	12	13	11	0	1	0	3	3		Solar Powered Project
/pages/solar-maintenance.html	2681	0	0	1	12	0	5	0	0	0	0	2		Solar Powered Project
/pages/solar-panel-shading-effects.html	2675	0	0	1	10	7	7	0	0	0	3	0		Solar Powered Project
/pages/off-grid-solar-system-setup-guide.html	2652	0	0	1	13	0	13	0	0	0	0	3		Solar Powered Project
/pages/solar-panel-tilt-and-orientation.html	2644	0	0	1	10	13	15	0	0	0	3	1		Solar Powered Project
/pages/charge-controller-sizing.html	2637	0	1	1	11	0	9	0	0	0	5	3		Solar Powered Project
/pages/cpap-battery-backup-guide.html	2464	1	0	1	12	0	2	0	0	0	10	2		Solar Powered Project
/pages/li-ion-vs-lead-acid.html	2445	0	0	1	10	0	0	0	0	0	0	3		Solar Powered Project
/pages/solar-panel-efficiency.html	2444	0	0	1	12	0	0	0	1	0	0	0		Solar Powered Project
/pages/best-solar-batteries-2026.html	2427	1	0	1	9	4	6	1	10	0	0	4		Solar Powered Project
/pages/solar-use-cases.html	2400	0	0	1	14	0	0	0	0	0	4	2		Solar Powered Project
/pages/solar-components.html	2397	2	0	1	15	0	0	0	0	0	41	4		Solar Powered Project
/diy-off-grid-energy/diy-flywheel-energy-storage.html	2372	0	0	1	13	20	6	0	0	0	3	3		Solar Powered Project
/pages/diy-vs-installer.html	2371	0	0	1	9	5	0	0	0	0	3	11		Solar Powered Project
/pages/battery-cable-size-for-inverter.html	2343	1	1	1	12	6	11	0	0	0	6	5		Solar Powered Project
/diy-off-grid-energy/pedal-power-generator-for-off-grid-battery-charging.html	2273	0	0	1	15	18	0	0	0	0	3	3		Solar Powered Project
/diy-off-grid-energy/diy-hand-crank-generator-emergency-charging.html	2270	0	0	1	14	18	11	0	0	0	3	3		Solar Powered Project
/pages/micro-vs-string-inverters.html	2270	0	0	1	10	6	0	0	0	0	6	3		Solar Powered Project
/guides/solar-panel-cost-new-york/	2267	0	0	1	11	0	9	0	6	0	4	5		Solar Powered Project
/pages/lifepo4-100ah-brand-comparison.html	2250	0	0	1	11	1	7	0	2	0	14	12		Solar Powered Project
/pages/what-size-battery-run-chest-freezer.html	2238	0	0	1	13	0	8	0	0	0	0	1		Solar Powered Project
/pages/solar-basics.html	2200	0	0	1	9	4	0	1	0	0	3	2		Solar Powered Project
/pages/common-solar-installation-mistakes.html	2196	0	0	1	17	0	0	0	0	0	3	2		Solar Powered Project
/pages/solar-fuse-and-breaker-sizing.html	2190	2	1	1	11	5	5	0	0	0	3	2		Solar Powered Project
/pages/how-long-will-100ah-battery-run.html	2163	0	0	1	12	0	2	0	0	0	9	1		Solar Powered Project
/guides/solar-panel-cost-texas/	2152	0	0	1	9	0	9	0	2	0	6	6		Solar Powered Project
/diy-off-grid-energy/diy-car-alternator-generator-battery-charging.html	2130	0	0	1	12	21	0	0	0	0	3	3		Solar Powered Project
/guides/solar-panel-cost-florida/	2125	0	0	1	8	0	11	0	4	0	4	9		Solar Powered Project
/guides/solar-panel-cost-new-jersey/	2111	0	0	1	10	0	6	0	3	0	0	11		Solar Powered Project
/pages/solar-panel-angle-calculator.html	2104	0	1	0	8	18	3	0	0	0	3	2		Solar Powered Project
/diy-off-grid-energy/diy-pelton-turbine-pico-hydro.html	2077	0	0	1	13	22	0	0	0	0	3	0		Solar Powered Project
/pages/solar-generator.html	2028	2	0	1	12	0	11	0	1	0	0	1		Solar Powered Project
/pages/solar-inverter-sizing.html	2015	1	1	1	11	0	0	0	0	0	0	3		Solar Powered Project
/pages/solar-battery-not-charging-troubleshooting.html	1999	0	0	1	11	8	3	0	0	0	0	5		Solar Powered Project
/guides/solar-panel-cost-arizona/	1993	0	0	1	9	0	15	0	4	0	4	10		Solar Powered Project
/pages/battery-drains-overnight-off-grid.html	1993	0	0	1	10	0	7	0	0	0	0	2		Solar Powered Project
/pages/mppt-vs-pwm.html	1992	1	0	1	9	0	10	0	0	0	0	1		Solar Powered Project
/pages/12v-vs-24v-vs-48v-solar.html	1983	2	1	1	10	5	6	0	0	0	0	1		Solar Powered Project
/pages/solar-system-costs.html	1982	2	0	1	11	0	0	0	0	0	0	2		Solar Powered Project
/pages/what-size-solar-generator-run-refrigerator.html	1945	1	0	1	11	3	0	0	3	0	6	3		Solar Powered Project
/pages/ground-mount-vs-roof-mount-solar.html	1898	0	0	0	3	11	4	0	0	0	1	3		Solar Powered Project
/pages/read-solar-panel-specs-sheet.html	1868	0	0	1	11	4	0	0	0	0	1	2		Solar Powered Project
/pages/best-solar-panels-small-roof.html	1860	1	0	0	8	17	0	0	0	0	1	0		Solar Powered Project
/pages/solar-battery-backup-vs-generator.html	1857	0	0	0	8	12	4	0	0	0	1	1		Solar Powered Project
/pages/solar-lease-vs-buy-2026.html	1818	0	0	0	12	4	6	0	0	0	3	1		Solar Powered Project
/pages/solar-wire-size.html	1806	0	1	1	10	7	2	0	0	0	3	1		Solar Powered Project
/pages/mini-split-watts-off-grid.html	1796	0	0	1	10	0	8	0	1	0	10	4		Solar Powered Project
/diy-off-grid-energy/diy-generator-test-bench-measure-watts-watt-hours.html	1793	0	0	1	12	21	0	1	0	0	3	1		Solar Powered Project
/pages/inverter-keeps-shutting-off-troubleshooting.html	1786	2	0	1	10	8	5	0	0	0	0	2		Solar Powered Project
/diy-off-grid-energy/diy-savonius-wind-turbine-vertical-axis.html	1749	0	0	1	12	17	0	0	0	0	3	0		Solar Powered Project
/pages/install-solar-panels-yourself.html	1749	0	0	0	7	14	0	0	0	0	3	3		Solar Powered Project
/diy-off-grid-energy/diy-compressed-air-energy-storage.html	1744	0	0	1	13	14	0	0	0	0	3	2		Solar Powered Project
/pages/will-100-watt-solar-panel-run-refrigerator.html	1738	0	0	1	10	0	9	0	1	0	11	1		Solar Powered Project
/pages/pure-sine-vs-modified-sine-inverter.html	1725	1	0	1	9	0	0	0	0	0	3	3		Solar Powered Project
/guides/solar-panel-cost-colorado/	1722	0	0	1	9	0	10	0	4	0	3	5		Solar Powered Project
/pages/solar-panel-degradation-rate.html	1712	0	0	0	7	11	0	0	0	0	1	0		Solar Powered Project
/diy-off-grid-energy/treadmill-motor-generator-for-off-grid-charging.html	1705	0	0	1	14	17	0	0	0	0	3	3		Solar Powered Project
/diy-off-grid-energy/diy-supercapacitor-bank-solar-buffer.html	1698	0	0	1	13	19	0	0	0	0	3	1		Solar Powered Project
/diy-off-grid-energy/diy-buck-boost-regulation-variable-generator-battery-charging.html	1693	0	0	1	14	21	0	0	0	0	3	6		Solar Powered Project
/diy-off-grid-energy/diy-water-wheel-generator-low-head.html	1679	0	0	1	14	14	0	0	0	0	3	1		Solar Powered Project
/pages/how-many-solar-panels-to-power-a-house.html	1676	0	0	0	7	17	0	0	0	0	1	1		Solar Powered Project
/pages/ground-mount-solar-panels.html	1671	0	0	1	7	13	0	0	0	0	3	5		Solar Powered Project
/pages/how-do-solar-panels-work.html	1662	0	0	1	7	17	3	0	0	0	4	0		Solar Powered Project
/pages/solar-net-metering-explained.html	1662	0	0	0	7	12	0	0	0	0	1	1		Solar Powered Project
/pages/48v-off-grid-wiring-guide.html	1648	0	0	1	12	0	5	0	0	0	9	1		Solar Powered Project
/diy-off-grid-energy/diy-dump-load-diversion-controller-wind-hydro.html	1647	0	0	1	13	18	0	0	0	0	3	3		Solar Powered Project
/pages/solar-panel-output.html	1610	1	1	1	11	0	5	0	0	0	0	2		Solar Powered Project
/pages/solar-panel-cleaning-cost.html	1595	0	0	1	10	6	2	0	0	0	3	7		Solar Powered Project
/pages/net-metering-by-state-2026.html	1590	0	0	1	8	4	29	0	0	0	0	1		Solar Powered Project
/pages/solar-permits-and-building-codes.html	1573	0	0	1	10	8	0	0	0	0	3	4		Solar Powered Project
/pages/how-to-choose-solar-inverter.html	1565	1	0	1	8	14	0	0	0	0	3	0		Solar Powered Project
/pages/solar-panels-for-sheds.html	1543	1	0	0	7	16	0	0	0	0	3	0		Solar Powered Project
/pages/solar-payback-calculator.html	1535	0	1	1	7	0	4	0	0	0	3	2		Solar Powered Project
/guides/solar-panel-cost-illinois/	1523	0	0	1	7	2	5	0	2	0	0	4		Solar Powered Project
/pages/solar-battery-management-system-explained.html	1519	1	0	0	5	9	0	0	0	0	0	1		Solar Powered Project
/pages/how-much-do-solar-panels-cost.html	1492	1	0	0	6	14	3	0	0	0	3	0		Solar Powered Project
/pages/best-mppt-charge-controllers.html	1487	4	0	1	8	5	4	0	0	0	3	2		Solar Powered Project
/pages/solar-panel-output-per-square-foot.html	1479	0	0	0	8	14	3	0	0	0	3	0		Solar Powered Project
/pages/solar-water-heater.html	1468	0	0	0	7	16	3	0	0	0	3	0		Solar Powered Project
/pages/solar-phone-charger.html	1464	1	0	0	8	11	4	0	0	0	3	1		Solar Powered Project
/pages/solar-lights-for-yard.html	1441	1	0	0	7	11	3	0	0	0	3	0		Solar Powered Project
/pages/solar-panels-vs-wind-turbines.html	1407	0	0	1	7	8	3	0	0	0	3	0		Solar Powered Project
/pages/how-long-do-solar-panels-last.html	1378	0	0	0	7	11	3	0	0	0	3	2		Solar Powered Project
/pages/solar-system-sizing.html	1362	3	1	1	10	0	0	0	0	0	0	3		Solar Powered Project
/pages/inverter-cable-size-chart.html	1308	0	0	1	10	0	11	0	0	0	7	3		Solar Powered Project
/pages/rv-solar-cost.html	1303	1	0	0	8	6	19	0	0	0	0	0		Solar Powered Project
/pages/ac-vs-dc-coupled-solar-systems.html	1274	0	0	1	9	0	0	0	0	0	3	0		Solar Powered Project
/pages/solar-financing-options.html	1233	0	0	1	10	0	3	0	0	0	0	0		Solar Powered Project
/pages/how-much-do-solar-batteries-cost.html	1113	1	0	0	7	0	0	0	0	0	3	0		Solar Powered Project
/pages/best-solar-panels-for-home-2026.html	1106	1	0	0	9	0	0	0	0	0	3	0		Solar Powered Project
/pages/best-solar-panels-for-small-homes.html	1052	1	0	0	7	0	0	0	0	0	3	1		Solar Powered Project
/pages/solar-panel-tax-credit.html	1041	0	0	1	8	0	3	0	0	0	0	3		Solar Powered Project
/pages/solar-fuses-vs-breakers.html	938	0	0	1	8	7	0	0	0	0	3	4		Solar Powered Project
/pages/portable-solar-panels.html	926	1	0	0	3	11	0	0	0	0	0	2		Solar Powered Project
/pages/solar-combiner-box-and-disconnect-guide.html	918	0	0	1	9	4	0	0	0	0	3	0		Solar Powered Project
/pages/battery-capacity.html	909	1	1	1	6	0	0	0	0	0	0	0		Solar Powered Project
/guides/solar-panel-cost-nevada/	903	0	0	1	6	3	6	0	1	0	0	0		Solar Powered Project
/guides/solar-panel-cost-massachusetts/	901	0	0	1	6	3	6	0	1	0	0	1		Solar Powered Project
/pages/solar-panels-series-vs-parallel.html	874	0	0	1	9	5	0	0	0	0	3	1		Solar Powered Project
/pages/cabin-solar-sizing.html	829	0	0	1	9	1	0	0	0	0	0	1		Solar Powered Project
/pages/solar-inverter-cost.html	828	1	0	1	7	8	0	0	0	0	3	0		Solar Powered Project
/pages/mppt-charge-controller-cost.html	718	1	0	1	7	5	0	0	0	0	3	0		Solar Powered Project
/pages/cabin-solar-cost.html	710	2	0	1	7	3	0	0	0	0	0	0		Solar Powered Project
/pages/rv-solar-sizing.html	686	1	0	1	9	0	0	0	0	0	0	0		Solar Powered Project
/pages/solar-wiring-and-protection-cost.html	666	0	0	1	7	4	0	0	0	0	3	0		Solar Powered Project
/pages/solar-battery-cost-per-kwh.html	607	1	0	1	8	4	0	0	0	0	0	0		Solar Powered Project
/pages/cabin-solar-vs-generator.html	595	0	0	1	6	3	0	0	0	0	3	2		Solar Powered Project
/pages/solar-panel-cost-per-watt.html	584	0	0	1	7	4	0	0	0	0	3	0		Solar Powered Project
/pages/how-we-recommend.html	570	0	0	0	5	0	0	0	2	1	4	1		Solar Powered Project
/pages/how-to-choose-solar-system-voltage.html	467	0	0	1	7	0	0	0	0	0	0	1		Solar Powered Project
/authors.html	401	0	0	0	5	0	0	1	2	0	5	2		
/pages/wiring-decisions.html	346	0	0	0	4	0	0	0	0	0	3	1		Solar Powered Project
/pages/editorial-policy.html	272	0	0	0	7	0	0	0	0	0	1	3		Solar Powered Project
/pages/affiliate-disclosure.html	265	0	0	0	4	0	0	1	0	1	1	0		
/pages/about.html	246	0	0	0	5	0	0	0	0	1	2	3		Solar Powered Project
/corrections.html	217	0	0	0	1	0	0	0	0	0	1	1		
/pages/privacy-policy.html	203	0	0	0	4	0	0	0	0	0	3	0		Solar Powered Project
/methodology.html	174	0	0	0	4	0	0	0	0	0	2	2		
/system-planner.html	101	0	0	0	2	0	0	0	0	0	6	1		
/pages/terms.html	99	0	0	0	4	0	0	0	0	0	1	2		Solar Powered Project
/pages/contact.html	88	0	0	0	3	0	0	0	0	0	4	0		Solar Powered Project
/pages/_index.html	65	0	0	0	0	0	0	0	0	0	3	0		
/diy-off-grid-energy/_index.html	37	0	0	0	0	0	0	1	0	0	3	0		
/search.html	0	0	0	0	0	0	0	0	0	0	0	0		
